{
  "HTTP请求" : {
    "transaction" : "HTTP请求",
    "sampleCount" : 50000000,
    "errorCount" : 0,
    "errorPct" : 0.0,
    "meanResTime" : 2.3942964600007812,
    "medianResTime" : 0.0,
    "minResTime" : 0.0,
    "maxResTime" : 1521.0,
    "pct1ResTime" : 1.0,
    "pct2ResTime" : 1.0,
    "pct3ResTime" : 1.0,
    "throughput" : 19182.171935945356,
    "receivedKBytesPerSec" : 3422.6314789224375,
    "sentKBytesPerSec" : 3521.726878864968
  },
  "Total" : {
    "transaction" : "Total",
    "sampleCount" : 50000000,
    "errorCount" : 0,
    "errorPct" : 0.0,
    "meanResTime" : 2.3942964600007812,
    "medianResTime" : 0.0,
    "minResTime" : 0.0,
    "maxResTime" : 1521.0,
    "pct1ResTime" : 1.0,
    "pct2ResTime" : 1.0,
    "pct3ResTime" : 1.0,
    "throughput" : 19182.171935945356,
    "receivedKBytesPerSec" : 3422.6314789224375,
    "sentKBytesPerSec" : 3521.726878864968
  }
}