{
  "Total" : {
    "transaction" : "Total",
    "sampleCount" : 3361989,
    "errorCount" : 0,
    "errorPct" : 0.0,
    "meanResTime" : 569.2001255803657,
    "medianResTime" : 469.0,
    "minResTime" : 0.0,
    "maxResTime" : 2062.0,
    "pct1ResTime" : 585.0,
    "pct2ResTime" : 651.0,
    "pct3ResTime" : 816.9900000000016,
    "throughput" : 5608.399949287354,
    "receivedKBytesPerSec" : 1641.9381453377102,
    "sentKBytesPerSec" : 1325.4226442651754
  },
  "HTTP请求长链接转短链接" : {
    "transaction" : "HTTP请求长链接转短链接",
    "sampleCount" : 3361989,
    "errorCount" : 0,
    "errorPct" : 0.0,
    "meanResTime" : 569.2001255803657,
    "medianResTime" : 469.0,
    "minResTime" : 0.0,
    "maxResTime" : 2062.0,
    "pct1ResTime" : 585.0,
    "pct2ResTime" : 651.0,
    "pct3ResTime" : 816.9900000000016,
    "throughput" : 5608.399949287354,
    "receivedKBytesPerSec" : 1641.9381453377102,
    "sentKBytesPerSec" : 1325.4226442651754
  }
}