{
  "Total" : {
    "transaction" : "Total",
    "sampleCount" : 3346881,
    "errorCount" : 0,
    "errorPct" : 0.0,
    "meanResTime" : 580.1485846075303,
    "medianResTime" : 829.0,
    "minResTime" : 0.0,
    "maxResTime" : 2517.0,
    "pct1ResTime" : 1024.0,
    "pct2ResTime" : 1070.0,
    "pct3ResTime" : 1188.9900000000016,
    "throughput" : 5577.791036219433,
    "receivedKBytesPerSec" : 1843.8635249003394,
    "sentKBytesPerSec" : 1318.1888972315458
  },
  "HTTP请求长链接转短链接" : {
    "transaction" : "HTTP请求长链接转短链接",
    "sampleCount" : 3346881,
    "errorCount" : 0,
    "errorPct" : 0.0,
    "meanResTime" : 580.1485846075303,
    "medianResTime" : 829.0,
    "minResTime" : 0.0,
    "maxResTime" : 2517.0,
    "pct1ResTime" : 1024.0,
    "pct2ResTime" : 1070.0,
    "pct3ResTime" : 1188.9900000000016,
    "throughput" : 5577.791036219433,
    "receivedKBytesPerSec" : 1843.8635249003394,
    "sentKBytesPerSec" : 1318.1888972315458
  }
}