{
  "Total" : {
    "transaction" : "Total",
    "sampleCount" : 3138568,
    "errorCount" : 313,
    "errorPct" : 0.009972701,
    "meanResTime" : 605.8144931063596,
    "medianResTime" : 592.0,
    "minResTime" : 0.0,
    "maxResTime" : 2592.0,
    "pct1ResTime" : 750.0,
    "pct2ResTime" : 810.0,
    "pct3ResTime" : 943.0,
    "throughput" : 5233.319104660779,
    "receivedKBytesPerSec" : 1791.893023079317,
    "sentKBytesPerSec" : 1302.074354110843
  },
  "HTTP请求长链接转短链接" : {
    "transaction" : "HTTP请求长链接转短链接",
    "sampleCount" : 3138568,
    "errorCount" : 313,
    "errorPct" : 0.009972701,
    "meanResTime" : 605.8144931063596,
    "medianResTime" : 592.0,
    "minResTime" : 0.0,
    "maxResTime" : 2592.0,
    "pct1ResTime" : 750.0,
    "pct2ResTime" : 810.0,
    "pct3ResTime" : 943.0,
    "throughput" : 5233.319104660779,
    "receivedKBytesPerSec" : 1791.893023079317,
    "sentKBytesPerSec" : 1302.074354110843
  }
}